cod;prove
400000001;DIVERSEY ESPAÑA 
400000002;JOHNSON DIVERSEY ESPAÑA 
400000003;3M ESPANA 
400000007;JOHNSON DIVERSEY ESPAÑA 
400000008;PARCET
400000008;prensa fibra
400000009;NEWELL SPAIN 
400000009;RUBBERMAID S.A.R.L.
400000020;TENNANT EUROPE B.V.
400000030;SIGUERTA 
400000090;RIO-DIS SA.
400000115;MAQUIBER S.A.
400000220;SP.BERNER
400000367;DISTRIBUCIONES GARBE 
400000370;MANIPULADOS ESCRIBA S.A.
400000371;JOFEL INDUSTRIAL S.A.
400000373;MOPATEX S.A.
400000390;PLA ALBERT 
400000398;GEORGIA-PACIFIC SPRL.S.Com.p.A.
400000490;MAPE SEGURIDAD S.A.
400000645;KIMBERLY-CLARK SL.
400000850;HYGIENE HY
400001030;VIUDEZ PUERTA 
400001115;IP CLEANING ESPAÑA 
400001330;DUNI ESPAÑOLA SA.
400001360;IGARTEX SAL.
400001465;GALINDO SA.
400001475;CLEVERNET SL.
400001497;MAKRO AUTOSERVICIO MAYORISTA SA
400001540;LAUCIRICA-TIENDAS
400001555;SANICEN S.A.
400001600;EURO QUIMICA S.A.
400001635;VILEDA PROFESSIONAL
400001660;EQUIPOS DE LIMPIEZA SL.
400001740;ENVATEL SL.
400001755;PRODUCTOS EXPRES SL.
400001835;COMERCIAL TISSUAN S.L
400001900;AVEL HISPANIA SA.
400002225;SCA (MEDICLINICS)
400002320;RUBBERMAID S.A.R.L.
400002390;UNION FARMACEUTICA GUIPUZCOANA
400002540;MAC LINE IMPORT 
400002735;EXCLUSIVAS MARPOL S.I.
400002745;FERRETERIA MARAÑON
400002800;DISTGEN COMERCIAL 
400002950;SCA HYGIENE PRODUCTS 
400003035;GOMA-CAMPS SA.
400003060;JABIPACK SL.
400003145;LYTEC
400003150;JEN QUIMICA 
400003510;DETERIN S.A.
400003780;BOLSAS CASTRESANA
400003825;BRECAMP S.A.
400003995;VIT PLASTIC
400004010;LINPAC PACKAGING PRAVIA S.A.
400004085;MACOPAL
400004105;CEPILLOS MARIÑO 
400004140;LAYFIL 
400004210;LT INDUSTRIAL
400004255;J.BELLIDO S.A.
400004450;SAEZ SESMA FCO. Y OTROS 
400004480;INDUQUIM
400004520;MAYA PROFESSIONAL TOOLS
400004530;MPL MEDITERRANEA PRODUCTOS DE LIMPIEZA
400004540;BAYECO-LIMPIEZA ECOLOGICA 
400004590;PULL IMPORT S.L
400004595;PULEX SRL
400004600;COOR&KLEEVER S.A.
400004620;SUMINISTROS ALF S.A.
400004625;LABORATORIOS VINFER S.A
400004645;SUTTER PROFESSIONAL
400004655;EPIS ARCHANDA 
400004675;DISTRIBUIDORA COMERCIAL DEL NORTE 
400004710;"""DISTRIBUCIONES """"SERRIN BILBAO"""""""
400004735;GUFERVI GROUP 
400004750;KELSIA
400004755;PAIF IBERICA S.A.U
400004760;MAPA SPONTEX IBERICA
400004780;PREPARADOS QUIMICOS DE NAVARRA S.L
400004785;KLINER PROFESIONAL S.A.
400004815;JUBA
400004825;MIK LIMPIEZA S.L
400004835;PLASTICOS JUMARSOL S.A.
400004865;INVERSIONES BLANCO PARIS S.L
400004870;LADY AROMA 
400004895;GUICA S.A.
400004900;SANTEX 2000 INTERNACIONAL 
400004910;CANYON BLUE U.
400004935;SERNAITEC S.A.
400004940;VIRGOLA
400004975;HILADOS BIETE 
400004995;MONTEXTIL ARTICULOS TEXTILES 
400005000;NUPIK INTERNACIONAL 
400005010;DOSIM
400005020;LAYERTEX S.L
400005060;DROLINSA
400005075;COPLASEM 
400005080;PLADEBAL 
400005090;MANIPA S.A
400005105;TECNO TROLEY SYSTEM ESPAÑA 
400006010;UNGER GERMANY GMBH
400006050;PROCTER & GAMBLE ESPAÑA S.A
400006055;CESMAR S.L REPRESENTACIONES Y DISTRIBUCI
400006105;NUVARIA
400006125;YON CHEN IMPOR 
400006140;AMAZON.ES
400006155;LUCART IBERICA U.
400006160;AUTOMATISMOS Y PROCESOS 
400006175;VILARO QUIMICS
400006185;COPLAST
400006210;QUEMDIZ 
400006240;COMERICAL ANGLOMA
400006245;CUATRO GASA 
